version,2.1.0
info,balls_per_over,6
info,team,England
info,team,West Indies
info,gender,male
info,season,2007
info,date,2007/06/28
info,event,West Indies in England T20I Series
info,match_number,1
info,venue,Kennington Oval
info,city,London
info,toss_winner,West Indies
info,toss_decision,bat
info,player_of_match,PD Collingwood
info,umpire,PJ Hartley
info,umpire,NJ Llong
info,reserve_umpire,RT Robinson
info,tv_umpire,IJ Gould
info,match_referee,MJ Procter
info,winner,West Indies
info,winner_runs,15
info,player,England,AN Cook
info,player,England,MJ Prior
info,player,England,IJL Trott
info,player,England,KP Pietersen
info,player,England,PD Collingwood
info,player,England,OA Shah
info,player,England,AD Mascarenhas
info,player,England,MH Yardy
info,player,England,SCJ Broad
info,player,England,RJ Sidebottom
info,player,England,JM Anderson
info,player,West Indies,CH Gayle
info,player,West Indies,DS Smith
info,player,West Indies,S Chanderpaul
info,player,West Indies,MN Samuels
info,player,West Indies,DJ Bravo
info,player,West Indies,D Ramdin
info,player,West Indies,DR Smith
info,player,West Indies,RS Morton
info,player,West Indies,DJG Sammy
info,player,West Indies,R Rampaul
info,player,West Indies,DBL Powell
info,registry,people,AD Mascarenhas,3edb58fc
info,registry,people,AN Cook,f41598c1
info,registry,people,CH Gayle,db584dad
info,registry,people,D Ramdin,d1523761
info,registry,people,DBL Powell,83904270
info,registry,people,DJ Bravo,87e562a9
info,registry,people,DJG Sammy,c03c6200
info,registry,people,DR Smith,35205dfc
info,registry,people,DS Smith,85ad2217
info,registry,people,IJ Gould,a9dfdf6c
info,registry,people,IJL Trott,ac7fa28f
info,registry,people,JM Anderson,d12143bf
info,registry,people,KP Pietersen,39f01cdb
info,registry,people,MH Yardy,3812d56b
info,registry,people,MJ Prior,1200550f
info,registry,people,MJ Procter,32e65048
info,registry,people,MN Samuels,f846de6a
info,registry,people,NJ Llong,573fb985
info,registry,people,OA Shah,7bf96684
info,registry,people,PD Collingwood,a386e91b
info,registry,people,PJ Hartley,17c7ff26
info,registry,people,R Rampaul,d68e7f48
info,registry,people,RJ Sidebottom,9dca07d7
info,registry,people,RS Morton,2f8a9682
info,registry,people,RT Robinson,b143c87d
info,registry,people,S Chanderpaul,881a9bdd
info,registry,people,SCJ Broad,eba6a852
