version,2.1.0
info,balls_per_over,6
info,team,Kenya
info,team,New Zealand
info,gender,male
info,season,2007/08
info,date,2007/09/12
info,event,ICC World Twenty20
info,match_number,2
info,venue,Kingsmead
info,city,Durban
info,toss_winner,New Zealand
info,toss_decision,field
info,player_of_match,MR Gillespie
info,umpire,BR Doctrove
info,umpire,SJA Taufel
info,reserve_umpire,BG Jerling
info,tv_umpire,SJ Davis
info,match_referee,MJ Procter
info,winner,New Zealand
info,winner_wickets,9
info,player,Kenya,MA Ouma
info,player,Kenya,DO Obuya
info,player,Kenya,T Mishra
info,player,Kenya,SO Tikolo
info,player,Kenya,CO Obuya
info,player,Kenya,TM Odoyo
info,player,Kenya,NN Odhiambo
info,player,Kenya,AA Obanda
info,player,Kenya,JK Kamande
info,player,Kenya,RL Bhudia
info,player,Kenya,PJ Ongondo
info,player,New Zealand,L Vincent
info,player,New Zealand,BB McCullum
info,player,New Zealand,PG Fulton
info,player,New Zealand,LRPL Taylor
info,player,New Zealand,SB Styris
info,player,New Zealand,JDP Oram
info,player,New Zealand,CD McMillan
info,player,New Zealand,DL Vettori
info,player,New Zealand,SE Bond
info,player,New Zealand,MR Gillespie
info,player,New Zealand,CS Martin
info,registry,people,AA Obanda,7081491e
info,registry,people,BB McCullum,b8a55852
info,registry,people,BG Jerling,26457e41
info,registry,people,BR Doctrove,cbebf805
info,registry,people,CD McMillan,f5390243
info,registry,people,CO Obuya,5680f1ad
info,registry,people,CS Martin,05e0fab5
info,registry,people,DL Vettori,d7c6af50
info,registry,people,DO Obuya,6ed3d5ac
info,registry,people,JDP Oram,3eac9d95
info,registry,people,JK Kamande,270b3f8e
info,registry,people,L Vincent,2764133a
info,registry,people,LRPL Taylor,b61a3e1a
info,registry,people,MA Ouma,0939c670
info,registry,people,MJ Procter,32e65048
info,registry,people,MR Gillespie,7d7ab238
info,registry,people,NN Odhiambo,753b5a2d
info,registry,people,PG Fulton,10a2a1ff
info,registry,people,PJ Ongondo,27cc4361
info,registry,people,RL Bhudia,47d00fb5
info,registry,people,SB Styris,57efa3be
info,registry,people,SE Bond,4f629497
info,registry,people,SJ Davis,bc71b0b2
info,registry,people,SJA Taufel,4b43d5ac
info,registry,people,SO Tikolo,00d69fa4
info,registry,people,T Mishra,c9cac448
info,registry,people,TM Odoyo,2c13defe
