version,2.1.0
info,balls_per_over,6
info,team,Ireland
info,team,New Zealand
info,gender,male
info,season,2009
info,date,2009/06/11
info,event,ICC World Twenty20
info,match_number,13
info,venue,Trent Bridge
info,city,Nottingham
info,toss_winner,Ireland
info,toss_decision,field
info,player_of_match,AJ Redmond
info,umpire,EAR de Silva
info,umpire,M Erasmus
info,reserve_umpire,AL Hill
info,tv_umpire,SJ Davis
info,match_referee,AG Hurst
info,winner,New Zealand
info,winner_runs,83
info,player,Ireland,WTS Porterfield
info,player,Ireland,GC Wilson
info,player,Ireland,NJ O'Brien
info,player,Ireland,AC Botha
info,player,Ireland,KJ O'Brien
info,player,Ireland,JF Mooney
info,player,Ireland,AR Cusack
info,player,Ireland,DT Johnston
info,player,Ireland,WK McCallan
info,player,Ireland,RM West
info,player,Ireland,PC Connell
info,player,New Zealand,BB McCullum
info,player,New Zealand,AJ Redmond
info,player,New Zealand,MJ Guptill
info,player,New Zealand,SB Styris
info,player,New Zealand,JDP Oram
info,player,New Zealand,PD McGlashan
info,player,New Zealand,JEC Franklin
info,player,New Zealand,NT Broom
info,player,New Zealand,NL McCullum
info,player,New Zealand,IG Butler
info,player,New Zealand,KD Mills
info,registry,people,AC Botha,d8e79af0
info,registry,people,AG Hurst,ad7945c6
info,registry,people,AJ Redmond,48f177f5
info,registry,people,AL Hill,4165ced0
info,registry,people,AR Cusack,568e5a4a
info,registry,people,BB McCullum,b8a55852
info,registry,people,DT Johnston,e01895bb
info,registry,people,EAR de Silva,dc63f509
info,registry,people,GC Wilson,05de1a5a
info,registry,people,IG Butler,b68a30f0
info,registry,people,JDP Oram,3eac9d95
info,registry,people,JEC Franklin,cf73ad76
info,registry,people,JF Mooney,aae9ce90
info,registry,people,KD Mills,7fb32e5b
info,registry,people,KJ O'Brien,243431b5
info,registry,people,M Erasmus,15d3c895
info,registry,people,MJ Guptill,2be41edb
info,registry,people,NJ O'Brien,84826f48
info,registry,people,NL McCullum,5673a3fc
info,registry,people,NT Broom,a354c917
info,registry,people,PC Connell,5500c675
info,registry,people,PD McGlashan,024fe464
info,registry,people,RM West,d1761087
info,registry,people,SB Styris,57efa3be
info,registry,people,SJ Davis,bc71b0b2
info,registry,people,WK McCallan,c942a53b
info,registry,people,WTS Porterfield,ec02b798
