version,2.1.0
info,balls_per_over,6
info,team,New Zealand
info,team,India
info,gender,male
info,season,2008/09
info,date,2009/02/25
info,event,India in New Zealand T20I Series
info,match_number,1
info,venue,AMI Stadium
info,city,Christchurch
info,toss_winner,New Zealand
info,toss_decision,field
info,player_of_match,BB McCullum
info,umpire,GAV Baxter
info,umpire,EA Watkin
info,reserve_umpire,DM Quested
info,tv_umpire,AL Hill
info,match_referee,RS Madugalle
info,winner,New Zealand
info,winner_wickets,7
info,player,India,G Gambhir
info,player,India,V Sehwag
info,player,India,SK Raina
info,player,India,RG Sharma
info,player,India,Yuvraj Singh
info,player,India,MS Dhoni
info,player,India,YK Pathan
info,player,India,IK Pathan
info,player,India,Harbhajan Singh
info,player,India,Z Khan
info,player,India,I Sharma
info,player,New Zealand,JD Ryder
info,player,New Zealand,BB McCullum
info,player,New Zealand,MJ Guptill
info,player,New Zealand,LRPL Taylor
info,player,New Zealand,JDP Oram
info,player,New Zealand,NL McCullum
info,player,New Zealand,DL Vettori
info,player,New Zealand,IG Butler
info,player,New Zealand,TG Southee
info,player,New Zealand,NT Broom
info,player,New Zealand,IE O'Brien
info,registry,people,AL Hill,4165ced0
info,registry,people,BB McCullum,b8a55852
info,registry,people,DL Vettori,d7c6af50
info,registry,people,DM Quested,bb312212
info,registry,people,EA Watkin,147afe9d
info,registry,people,G Gambhir,bb345e0b
info,registry,people,GAV Baxter,cb4b3ab0
info,registry,people,Harbhajan Singh,8b5b6769
info,registry,people,I Sharma,5bb1a1c4
info,registry,people,IE O'Brien,78f34e15
info,registry,people,IG Butler,b68a30f0
info,registry,people,IK Pathan,5fa06777
info,registry,people,JD Ryder,91ffa6c6
info,registry,people,JDP Oram,3eac9d95
info,registry,people,LRPL Taylor,b61a3e1a
info,registry,people,MJ Guptill,2be41edb
info,registry,people,MS Dhoni,4a8a2e3b
info,registry,people,NL McCullum,5673a3fc
info,registry,people,NT Broom,a354c917
info,registry,people,RG Sharma,740742ef
info,registry,people,RS Madugalle,766b5798
info,registry,people,SK Raina,1dc12ab9
info,registry,people,TG Southee,13c35c9e
info,registry,people,V Sehwag,8ba8195d
info,registry,people,YK Pathan,3c6ffae8
info,registry,people,Yuvraj Singh,1c914163
info,registry,people,Z Khan,91a4a398
