version,2.1.0
info,balls_per_over,6
info,team,South Africa
info,team,England
info,gender,male
info,season,2009/10
info,date,2009/11/15
info,event,England in South Africa T20I Series
info,match_number,2
info,venue,SuperSport Park
info,city,Centurion
info,toss_winner,South Africa
info,toss_decision,bat
info,player_of_match,LE Bosman
info,umpire,M Erasmus
info,umpire,BG Jerling
info,reserve_umpire,ZTA Ndamane
info,tv_umpire,JD Cloete
info,match_referee,J Srinath
info,winner,South Africa
info,winner_runs,84
info,player,England,JL Denly
info,player,England,AN Cook
info,player,England,IJL Trott
info,player,England,KP Pietersen
info,player,England,EJG Morgan
info,player,England,LJ Wright
info,player,England,MJ Prior
info,player,England,TT Bresnan
info,player,England,AU Rashid
info,player,England,SI Mahmood
info,player,England,JM Anderson
info,player,South Africa,GC Smith
info,player,South Africa,LE Bosman
info,player,South Africa,JA Morkel
info,player,South Africa,JP Duminy
info,player,South Africa,AB de Villiers
info,player,South Africa,JH Kallis
info,player,South Africa,HG Kuhn
info,player,South Africa,R McLaren
info,player,South Africa,RE van der Merwe
info,player,South Africa,DW Steyn
info,player,South Africa,YA Abdulla
info,registry,people,AB de Villiers,c4487b84
info,registry,people,AN Cook,f41598c1
info,registry,people,AU Rashid,249d60c9
info,registry,people,BG Jerling,26457e41
info,registry,people,DW Steyn,8fd1a8f5
info,registry,people,EJG Morgan,d2a6c0e6
info,registry,people,GC Smith,72861603
info,registry,people,HG Kuhn,ede05b97
info,registry,people,IJL Trott,ac7fa28f
info,registry,people,J Botha,7c503806
info,registry,people,J Srinath,bad31fac
info,registry,people,JA Morkel,c3d35165
info,registry,people,JD Cloete,b0419f8c
info,registry,people,JH Kallis,86dc8f2e
info,registry,people,JL Denly,bdadf7da
info,registry,people,JM Anderson,d12143bf
info,registry,people,JP Duminy,2e8994e7
info,registry,people,KP Pietersen,39f01cdb
info,registry,people,LE Bosman,73e749e1
info,registry,people,LJ Wright,cca50cd6
info,registry,people,M Erasmus,15d3c895
info,registry,people,MJ Prior,1200550f
info,registry,people,R McLaren,c654af19
info,registry,people,RE van der Merwe,05c2ca46
info,registry,people,SI Mahmood,e97aefe2
info,registry,people,TT Bresnan,58043739
info,registry,people,YA Abdulla,4353bba5
info,registry,people,ZTA Ndamane,545cc6db
