version,2.1.0
info,balls_per_over,6
info,team,New Zealand
info,team,Pakistan
info,gender,male
info,season,2010/11
info,date,2010/12/30
info,event,Pakistan in New Zealand T20I Series
info,match_number,3
info,venue,AMI Stadium
info,city,Christchurch
info,toss_winner,Pakistan
info,toss_decision,bat
info,player_of_match,Abdul Razzaq
info,umpire,GAV Baxter
info,umpire,CB Gaffaney
info,reserve_umpire,DW Reid
info,tv_umpire,BG Frost
info,match_referee,RS Mahanama
info,winner,Pakistan
info,winner_runs,103
info,player,New Zealand,JD Ryder
info,player,New Zealand,MJ Guptill
info,player,New Zealand,DG Brownlie
info,player,New Zealand,LRPL Taylor
info,player,New Zealand,JEC Franklin
info,player,New Zealand,SB Styris
info,player,New Zealand,PD McGlashan
info,player,New Zealand,NL McCullum
info,player,New Zealand,KD Mills
info,player,New Zealand,TG Southee
info,player,New Zealand,AF Milne
info,player,Pakistan,Ahmed Shehzad
info,player,Pakistan,Mohammad Hafeez
info,player,Pakistan,Asad Shafiq
info,player,Pakistan,Younis Khan
info,player,Pakistan,Umar Akmal
info,player,Pakistan,Shahid Afridi
info,player,Pakistan,Abdul Razzaq
info,player,Pakistan,Wahab Riaz
info,player,Pakistan,Tanvir Ahmed (1)
info,player,Pakistan,Saeed Ajmal
info,player,Pakistan,Abdur Rehman
info,registry,people,AF Milne,350bb1b1
info,registry,people,Abdul Razzaq,390ff45b
info,registry,people,Abdur Rehman,d094e7d1
info,registry,people,Ahmed Shehzad,f8fd6e3f
info,registry,people,Asad Shafiq,50250426
info,registry,people,BG Frost,fd8ffc13
info,registry,people,CB Gaffaney,d5ac41d8
info,registry,people,DG Brownlie,22bd731a
info,registry,people,DW Reid,ba5cc6d5
info,registry,people,GAV Baxter,cb4b3ab0
info,registry,people,JD Ryder,91ffa6c6
info,registry,people,JEC Franklin,cf73ad76
info,registry,people,KD Mills,7fb32e5b
info,registry,people,LRPL Taylor,b61a3e1a
info,registry,people,MJ Guptill,2be41edb
info,registry,people,Mohammad Hafeez,9ab63e7b
info,registry,people,NL McCullum,5673a3fc
info,registry,people,PD McGlashan,024fe464
info,registry,people,RS Mahanama,57910393
info,registry,people,SB Styris,57efa3be
info,registry,people,Saeed Ajmal,05d74535
info,registry,people,Shahid Afridi,0dc00542
info,registry,people,TG Southee,13c35c9e
info,registry,people,Tanvir Ahmed (1),93f104b4
info,registry,people,Umar Akmal,fd2bf2a0
info,registry,people,Wahab Riaz,b3118300
info,registry,people,Younis Khan,33cb3411
