version,2.1.0
info,balls_per_over,6
info,team,Canada
info,team,Netherlands
info,gender,male
info,season,2011/12
info,date,2012/03/13
info,event,ICC World Twenty20 Qualifier
info,match_number,5
info,venue,Dubai International Cricket Stadium
info,city,
info,toss_winner,Netherlands
info,toss_decision,bat
info,player_of_match,Mudassar Bukhari
info,umpire,M Hawthorne
info,umpire,JS Wilson
info,reserve_umpire,Sarika Prasad
info,match_referee,AFG Griffith
info,winner,Netherlands
info,winner_runs,42
info,player,Canada,H Patel
info,player,Canada,R Gunasekera
info,player,Canada,Raza-ur-Rehman
info,player,Canada,Rizwan Cheema
info,player,Canada,NR Kumar
info,player,Canada,AS Hansra
info,player,Canada,HS Baidwan
info,player,Canada,RA Bhatti
info,player,Canada,Junaid Siddiqui
info,player,Canada,H Osinde
info,player,Canada,Zahid Hussain
info,player,Netherlands,SJ Myburgh
info,player,Netherlands,MR Swart
info,player,Netherlands,TLW Cooper
info,player,Netherlands,AN Kervezee
info,player,Netherlands,W Barresi
info,player,Netherlands,PW Borren
info,player,Netherlands,Mudassar Bukhari
info,player,Netherlands,TN de Grooth
info,player,Netherlands,T van der Gugten
info,player,Netherlands,Ahsan Malik
info,player,Netherlands,PM Seelaar
info,registry,people,AFG Griffith,4d46eb96
info,registry,people,AN Kervezee,dc36a6a5
info,registry,people,AS Hansra,795df06c
info,registry,people,Ahsan Malik,96503059
info,registry,people,H Osinde,2b8b75a0
info,registry,people,H Patel,c4ff0618
info,registry,people,HS Baidwan,7839bf3a
info,registry,people,JS Wilson,d7f3b72f
info,registry,people,Junaid Siddiqui,9025e58f
info,registry,people,M Hawthorne,ea123ee4
info,registry,people,MR Swart,a75a78eb
info,registry,people,Mudassar Bukhari,37312a74
info,registry,people,NR Kumar,b3bad3f2
info,registry,people,PM Seelaar,abbdca1a
info,registry,people,PW Borren,91052c96
info,registry,people,R Gunasekera,9b6ad88a
info,registry,people,RA Bhatti,113880da
info,registry,people,Raza-ur-Rehman,d146924b
info,registry,people,Rizwan Cheema,3a026eb4
info,registry,people,SJ Myburgh,18261c22
info,registry,people,Sarika Prasad,8ff397fa
info,registry,people,T van der Gugten,d99cc23a
info,registry,people,TLW Cooper,2318ba22
info,registry,people,TN de Grooth,52980a48
info,registry,people,W Barresi,0d677597
info,registry,people,Zahid Hussain,1e5708ac
